subregion,region,FIPS
Lake of the Woods,Minnesota,27077
Ferry,Washington,53019
Stevens,Washington,53065
Okanogan,Washington,53047
Pend Oreille,Washington,53051
Boundary,Idaho,16021
Lincoln,Montana,30053
Flathead,Montana,30029
Glacier,Montana,30035
Toole,Montana,30101
Liberty,Montana,30051
Hill,Montana,30041
Sheridan,Montana,30091
Divide,North Dakota,38023
Burke,North Dakota,38013
Renville,North Dakota,38075
Bottineau,North Dakota,38009
Rolette,North Dakota,38079
Towner,North Dakota,38095
Cavalier,North Dakota,38019
Pembina,North Dakota,38067
Kittson,Minnesota,27069
Roseau,Minnesota,27135
Blaine,Montana,30005
Phillips,Montana,30071
Valley,Montana,30105
Daniels,Montana,30019
Whatcom,Washington,53073
Bonner,Idaho,16017
Ward,North Dakota,38101
Koochiching,Minnesota,27071
Skagit,Washington,53057
Williams,North Dakota,38105
McHenry,North Dakota,38049
St. Louis,Minnesota,27137
San Juan,Washington,53055
Roosevelt,Montana,30085
Mountrail,North Dakota,38061
Marshall,Minnesota,27089
Ramsey,North Dakota,38071
Walsh,North Dakota,38099
Beltrami,Minnesota,27007
Pierce,North Dakota,38069
Chelan,Washington,53007
Pondera,Montana,30073
Clallam,Washington,53009
Benson,North Dakota,38005
Chouteau,Montana,30015
Snohomish,Washington,53061
Island,Washington,53029
Sanders,Montana,30089
Lake,Minnesota,27075
Nelson,North Dakota,38063
Grand Forks,North Dakota,38035
Polk,Minnesota,27119
Pennington,Minnesota,27113
Douglas,Washington,53017
McKenzie,North Dakota,38053
Jefferson,Washington,53031
Richland,Montana,30083
Teton,Montana,30099
McCone,Montana,30055
Shoshone,Idaho,16079
Spokane,Washington,53063
Lake,Montana,30047
Clearwater,Minnesota,27029
Kootenai,Idaho,16055
Garfield,Montana,30033
Red Lake,Minnesota,27125
Grant,Washington,53025
Lincoln,Washington,53043
Lewis and Clark,Montana,30049
Kitsap,Washington,53035
Itasca,Minnesota,27061
Sheridan,North Dakota,38083
Wells,North Dakota,38103
McLean,North Dakota,38055
Eddy,North Dakota,38027
Dunn,North Dakota,38025
Fergus,Montana,30027
Dawson,Montana,30021
King,Washington,53033
Cascade,Montana,30013
Griggs,North Dakota,38039
Steele,North Dakota,38091
Traill,North Dakota,38097
Mason,Washington,53045
Missoula,Montana,30063
Petroleum,Montana,30069
Powell,Montana,30077
Kittitas,Washington,53037
Foster,North Dakota,38031
Mercer,North Dakota,38057
Grays Harbor,Washington,53027
Norman,Minnesota,27107
Mahnomen,Minnesota,27087
Mineral,Montana,30061
Cass,Minnesota,27021
Aroostook,Maine,23003
Judith Basin,Montana,30045
Hubbard,Minnesota,27057
Benewah,Idaho,16009
Wibaux,Montana,30109
Golden Valley,North Dakota,38033
Billings,North Dakota,38007
Stutsman,North Dakota,38093
Kidder,North Dakota,38043
Burleigh,North Dakota,38015
Pierce,Washington,53053
Oliver,North Dakota,38065
Adams,Washington,53001
Whitman,Washington,53075
Barnes,North Dakota,38003
Cass,North Dakota,38017
Prairie,Montana,30079
Becker,Minnesota,27005
Clay,Minnesota,27027
Thurston,Washington,53067
Latah,Idaho,16057
Meagher,Montana,30059
Yakima,Washington,53077
Aitkin,Minnesota,27001
Stark,North Dakota,38089
Morton,North Dakota,38059
Bayfield,Wisconsin,55007
Clearwater,Idaho,16035
Custer,Montana,30017
Rosebud,Montana,30087
Granite,Montana,30039
Wadena,Minnesota,27159
Crow Wing,Minnesota,27035
Pacific,Washington,53049
Lewis,Washington,53041
Broadwater,Montana,30007
Carlton,Minnesota,27017
Golden Valley,Montana,30037
Douglas,Wisconsin,55031
Musselshell,Montana,30065
Wheatland,Montana,30107
Franklin,Washington,53021
Benton,Washington,53005
Grant,North Dakota,38037
Otter Tail,Minnesota,27111
Garfield,Washington,53023
Fallon,Montana,30025
Idaho,Idaho,16049
Ravalli,Montana,30081
Ashland,Wisconsin,55003
Logan,North Dakota,38047
Emmons,North Dakota,38029
LaMoure,North Dakota,38045
Slope,North Dakota,38087
Hettinger,North Dakota,38041
Ransom,North Dakota,38073
Richland,North Dakota,38077
Wilkin,Minnesota,27167
Nez Perce,Idaho,16069
Columbia,Washington,53013
Walla Walla,Washington,53071
Iron,Wisconsin,55051
Somerset,Maine,23025
Piscataquis,Maine,23021
Jefferson,Montana,30043
Yellowstone,Montana,30111
Treasure,Montana,30103
Lewis,Idaho,16061
Asotin,Washington,53003
Sioux,North Dakota,38085
Pine,Minnesota,27115
Penobscot,Maine,23019
Skamania,Washington,53059
Cowlitz,Washington,53015
Wahkiakum,Washington,53069
Todd,Minnesota,27153
Morrison,Minnesota,27097
McIntosh,North Dakota,38051
Dickey,North Dakota,38021
Sargent,North Dakota,38081
Bowman,North Dakota,38011
Adams,North Dakota,38001
Deer Lodge,Montana,30023
Mille Lacs,Minnesota,27095
Clatsop,Oregon,41007
Sweet Grass,Montana,30097
Gallatin,Montana,30031
Park,Montana,30067
Columbia,Oregon,41009
Silver Bow,Montana,30093
Washburn,Wisconsin,55129
Sawyer,Wisconsin,55113
Burnett,Wisconsin,55013
Kanabec,Minnesota,27065
Carter,Montana,30011
Stillwater,Montana,30095
Grant,Minnesota,27051
Douglas,Minnesota,27041
Clark,Washington,53011
Klickitat,Washington,53039
Big Horn,Montana,30003
Traverse,Minnesota,27155
Umatilla,Oregon,41059
Wallowa,Oregon,41063
Price,Wisconsin,55099
Campbell,South Dakota,46021
Harding,South Dakota,46063
McPherson,South Dakota,46089
Perkins,South Dakota,46105
Corson,South Dakota,46031
Brown,South Dakota,46013
Beaverhead,Montana,30001
Marshall,South Dakota,46091
Roberts,South Dakota,46109
Morrow,Oregon,41049
Union,Oregon,41061
Madison,Montana,30057
Benton,Minnesota,27009
Gilliam,Oregon,41021
Powder River,Montana,30075
Stearns,Minnesota,27145
Tillamook,Oregon,41057
Washington,Oregon,41067
Pope,Minnesota,27121
Stevens,Minnesota,27149
Isanti,Minnesota,27059
Chisago,Minnesota,27025
Sherman,Oregon,41055
Polk,Wisconsin,55095
Multnomah,Oregon,41051
Hood River,Oregon,41027
Wasco,Oregon,41065
Lemhi,Idaho,16059
Washington,Maine,23029
Franklin,Maine,23007
Barron,Wisconsin,55005
Rusk,Wisconsin,55107
Carbon,Montana,30009
Walworth,South Dakota,46129
Edmunds,South Dakota,46045
Day,South Dakota,46037
Big Stone,Minnesota,27011
Sherburne,Minnesota,27141
Ziebach,South Dakota,46137
Dewey,South Dakota,46041
Clackamas,Oregon,41005
Wright,Minnesota,27171
Yamhill,Oregon,41071
Anoka,Minnesota,27003
Kandiyohi,Minnesota,27067
Swift,Minnesota,27151
Taylor,Wisconsin,55119
Oxford,Maine,23017
Grant,South Dakota,46051
Meeker,Minnesota,27093
Coos,New Hampshire,33007
Washington,Minnesota,27163
Chippewa,Wisconsin,55017
Marion,Oregon,41047
Lac qui Parle,Minnesota,27073
Adams,Idaho,16003
Potter,South Dakota,46107
Faulk,South Dakota,46049
Hennepin,Minnesota,27053
Spink,South Dakota,46115
St. Croix,Wisconsin,55109
Dunn,Wisconsin,55033
Butte,South Dakota,46019
Valley,Idaho,16085
Clark,South Dakota,46025
Codington,South Dakota,46029
Chippewa,Minnesota,27023
Ramsey,Minnesota,27123
Baker,Oregon,41001
Polk,Oregon,41053
Wheeler,Oregon,41069
Meade,South Dakota,46093
Lincoln,Oregon,41041
Clark,Wisconsin,55019
Essex,Vermont,50009
Grand Isle,Vermont,50013
Franklin,Vermont,50011
Orleans,Vermont,50019
Clinton,New York,36019
Park,Wyoming,56029
Crook,Wyoming,56011
Big Horn,Wyoming,56003
Campbell,Wyoming,56005
Sheridan,Wyoming,56033
Franklin,New York,36033
Grant,Oregon,41023
McLeod,Minnesota,27085
Carver,Minnesota,27019
Deuel,South Dakota,46039
Dakota,Minnesota,27037
Yellow Medicine,Minnesota,27173
Sully,South Dakota,46119
Hyde,South Dakota,46069
Hand,South Dakota,46059
Renville,Minnesota,27129
Pierce,Wisconsin,55093
Custer,Idaho,16037
Eau Claire,Wisconsin,55035
Washington,Idaho,16087
Jefferson,Oregon,41031
Scott,Minnesota,27139
Hamlin,South Dakota,46057
Lamoille,Vermont,50015
Linn,Oregon,41043
Stanley,South Dakota,46117
Caledonia,Vermont,50005
Waldo,Maine,23027
Haakon,South Dakota,46055
Fremont,Idaho,16043
Sibley,Minnesota,27143
Chittenden,Vermont,50007
Kennebec,Maine,23011
Goodhue,Minnesota,27049
Benton,Oregon,41003
Redwood,Minnesota,27127
Wood,Wisconsin,55141
Pepin,Wisconsin,55091
Teton,Wyoming,56039
Beadle,South Dakota,46005
Lyon,Minnesota,27083
Lincoln,Minnesota,27081
Lawrence,South Dakota,46081
Buffalo,Wisconsin,55011
Trempealeau,Wisconsin,55121
Jackson,Wisconsin,55053
Clark,Idaho,16033
Crook,Oregon,41013
Johnson,Wyoming,56019
Hughes,South Dakota,46065
Essex,New York,36031
Le Sueur,Minnesota,27079
Rice,Minnesota,27131
Kingsbury,South Dakota,46077
Brookings,South Dakota,46011
Pennington,South Dakota,46103
Gem,Idaho,16045
Brown,Minnesota,27015
Washington,Vermont,50023
Androscoggin,Maine,23001
Nicollet,Minnesota,27103
Wabasha,Minnesota,27157
Malheur,Oregon,41045
Hancock,Maine,23009
Grafton,New Hampshire,33009
Deschutes,Oregon,41017
Knox,Maine,23013
Boise,Idaho,16015
Lincoln,Maine,23015
Addison,Vermont,50001
Carroll,New Hampshire,33003
Lane,Oregon,41039
Blue Earth,Minnesota,27013
Juneau,Wisconsin,55057
Butte,Idaho,16023
Lyman,South Dakota,46085
Orange,Vermont,50017
Waseca,Minnesota,27161
Buffalo,South Dakota,46017
Jerauld,South Dakota,46073
Moody,South Dakota,46101
Pipestone,Minnesota,27117
Dodge,Minnesota,27039
Sanborn,South Dakota,46111
Murray,Minnesota,27101
Cottonwood,Minnesota,27033
Steele,Minnesota,27147
Olmsted,Minnesota,27109
Miner,South Dakota,46097
Lake,South Dakota,46079
Winona,Minnesota,27169
Weston,Wyoming,56045
Jones,South Dakota,46075
Cumberland,Maine,23005
Washakie,Wyoming,56043
Monroe,Wisconsin,55081
Payette,Idaho,16075
Hamilton,New York,36041
Watonwan,Minnesota,27165
Herkimer,New York,36043
La Crosse,Wisconsin,55063
Elmore,Idaho,16039
Hot Springs,Wyoming,56017
Jefferson,Idaho,16051
Harney,Oregon,41025
Sagadahoc,Maine,23023
Fremont,Wyoming,56013
Jackson,South Dakota,46071
Blaine,Idaho,16013
Teton,Idaho,16081
Windsor,Vermont,50027
Douglas,Oregon,41019
Aurora,South Dakota,46003
Brule,South Dakota,46015
Madison,Idaho,16065
Canyon,Idaho,16027
Mellette,South Dakota,46095
Camas,Idaho,16025
Custer,South Dakota,46033
Rutland,Vermont,50021
Faribault,Minnesota,27043
Minnehaha,South Dakota,46099
Rock,Minnesota,27133
Freeborn,Minnesota,27047
Nobles,Minnesota,27105
Jackson,Minnesota,27063
Martin,Minnesota,27091
Houston,Minnesota,27055
Mower,Minnesota,27099
Fillmore,Minnesota,27045
Davison,South Dakota,46035
Hanson,South Dakota,46061
McCook,South Dakota,46087
York,Maine,23031
Washington,New York,36115
Ada,Idaho,16001
Warren,New York,36113
Tripp,South Dakota,46123
Belknap,New Hampshire,33001
Vernon,Wisconsin,55123
Shannon,South Dakota,46113
Owyhee,Idaho,16073
Bonneville,Idaho,16019
Bingham,Idaho,16011
Klamath,Oregon,41035
Lake,Oregon,41037
Coos,Oregon,41011
Merrimack,New Hampshire,33013
Sullivan,New Hampshire,33019
Strafford,New Hampshire,33017
Richland,Wisconsin,55103
Natrona,Wyoming,56025
Gregory,South Dakota,46053
Niobrara,Wyoming,56027
Charles Mix,South Dakota,46023
Turner,South Dakota,46125
Lincoln,South Dakota,46083
Worth,Iowa,19195
Mitchell,Iowa,19131
Allamakee,Iowa,19005
Winnebago,Iowa,19189
Winneshiek,Iowa,19191
Converse,Wyoming,56009
Osceola,Iowa,19143
Dickinson,Iowa,19059
Kossuth,Iowa,19109
Howard,Iowa,19089
Emmet,Iowa,19063
Lyon,Iowa,19119
Douglas,South Dakota,46043
Hutchinson,South Dakota,46067
Fall River,South Dakota,46047
Sublette,Wyoming,56035
Crawford,Wisconsin,55023
Saratoga,New York,36091
Bennett,South Dakota,46007
Todd,South Dakota,46121
Bennington,Vermont,50003
Lincoln,Wyoming,56023
Fulton,New York,36035
Rockingham,New Hampshire,33015
Sioux,Iowa,19167
Windham,Vermont,50025
O'Brien,Iowa,19141
Cerro Gordo,Iowa,19033
Clay,Iowa,19041
Hancock,Iowa,19081
Palo Alto,Iowa,19147
Floyd,Iowa,19067
Chickasaw,Iowa,19037
Iowa,Wisconsin,55049
Grant,Wisconsin,55043
Hillsborough,New Hampshire,33011
Lincoln,Idaho,16063
Gooding,Idaho,16047
Minidoka,Idaho,16067
Cheshire,New Hampshire,33005
Yankton,South Dakota,46135
Bon Homme,South Dakota,46009
Power,Idaho,16077
Union,South Dakota,46127
Clay,South Dakota,46027
Fayette,Iowa,19065
Clayton,Iowa,19043
Montgomery,New York,36057
Caribou,Idaho,16029
Bannock,Idaho,16005
Sioux,Nebraska,31165
Dawes,Nebraska,31045
Sheridan,Nebraska,31161
Jackson,Oregon,41029
Keya Paha,Nebraska,31103
Boyd,Nebraska,31015
Cherry,Nebraska,31031
Curry,Oregon,41015
Rensselaer,New York,36083
Schenectady,New York,36093
Plymouth,Iowa,19149
Cherokee,Iowa,19035
Bremer,Iowa,19017
Butler,Iowa,19023
Buena Vista,Iowa,19021
Twin Falls,Idaho,16083
Pocahontas,Iowa,19151
Humboldt,Iowa,19091
Wright,Iowa,19197
Franklin,Iowa,19069
Otsego,New York,36077
Holt,Nebraska,31089
Essex,Massachusetts,25009
Knox,Nebraska,31107
Cedar,Nebraska,31027
Jerome,Idaho,16053
Schoharie,New York,36095
Brown,Nebraska,31017
Lafayette,Wisconsin,55065
Albany,New York,36001
Rock,Nebraska,31149
Josephine,Oregon,41033
Dixon,Nebraska,31051
Berkshire,Massachusetts,25003
Franklin,Massachusetts,25011
Middlesex,Massachusetts,25017
Worcester,Massachusetts,25027
Dubuque,Iowa,19061
Cassia,Idaho,16031
Webster,Iowa,19187
Delaware,Iowa,19055
Buchanan,Iowa,19019
Black Hawk,Iowa,19013
Goshen,Wyoming,56015
Platte,Wyoming,56031
Bear Lake,Idaho,16007
Woodbury,Iowa,19193
Ida,Iowa,19093
Sac,Iowa,19161
Calhoun,Iowa,19025
Hamilton,Iowa,19079
Hampshire,Massachusetts,25015
Hardin,Iowa,19083
Grundy,Iowa,19075
Dakota,Nebraska,31043
Delaware,New York,36025
Jo Daviess,Illinois,17085
Columbia,New York,36021
Oneida,Idaho,16071
Greene,New York,36039
Suffolk,Massachusetts,25025
Carbon,Wyoming,56007
Pierce,Nebraska,31139
Box Butte,Nebraska,31013
Antelope,Nebraska,31003
Albany,Wyoming,56001
Franklin,Idaho,16041
Jackson,Iowa,19097
Wayne,Nebraska,31179
Hampden,Massachusetts,25013
Jones,Iowa,19105
Benton,Iowa,19011
Linn,Iowa,19113
Tama,Iowa,19171
Thurston,Nebraska,31173
Sweetwater,Wyoming,56037
Plymouth,Massachusetts,25023
Norfolk,Massachusetts,25021
Monona,Iowa,19133
Crawford,Iowa,19047
Carroll,Iowa,19027
Greene,Iowa,19073
Boone,Iowa,19015
Marshall,Iowa,19127
Story,Iowa,19169
Ulster,New York,36111
Cuming,Nebraska,31039
Bristol,Massachusetts,25005
Stanton,Nebraska,31167
Madison,Nebraska,31119
Grant,Nebraska,31075
Loup,Nebraska,31115
Hooker,Nebraska,31091
Garfield,Nebraska,31071
Thomas,Nebraska,31171
Wheeler,Nebraska,31183
Blaine,Nebraska,31009
Dutchess,New York,36027
Barnstable,Massachusetts,25001
Burt,Nebraska,31021
Litchfield,Connecticut,9005
Hartford,Connecticut,9003
Clinton,Iowa,19045
Tolland,Connecticut,9013
Windham,Connecticut,9015
Sullivan,New York,36105
Providence,Rhode Island,44007
Cache,Utah,49005
Siskiyou,California,6093
Garden,Nebraska,31069
Box Elder,Utah,49003
Rich,Utah,49033
Scotts Bluff,Nebraska,31157
Morrill,Nebraska,31123
Wayne,Pennsylvania,42127
Del Norte,California,6015
Humboldt,Nevada,32013
Elko,Nevada,32007
Modoc,California,6049
Washoe,Nevada,32031
Cedar,Iowa,19031
Boone,Nebraska,31011
Jasper,Iowa,19099
Polk,Iowa,19153
Poweshiek,Iowa,19157
Harrison,Iowa,19085
Guthrie,Iowa,19077
Shelby,Iowa,19165
Audubon,Iowa,19009
Iowa,Iowa,19095
Dallas,Iowa,19049
Johnson,Iowa,19103
Rock Island,Illinois,17161
Scott,Iowa,19163
Bristol,Rhode Island,44001
Kent,Rhode Island,44003
Colfax,Nebraska,31037
Dodge,Nebraska,31053
Platte,Nebraska,31141
Arthur,Nebraska,31005
Greeley,Nebraska,31077
McPherson,Nebraska,31117
Logan,Nebraska,31113
Custer,Nebraska,31041
Valley,Nebraska,31175
Will,Illinois,17197
Lucas,Ohio,39095
Kendall,Illinois,17093
Lake,Indiana,18089
Porter,Indiana,18127
Fulton,Ohio,39051
Geauga,Ohio,39055
New London,Connecticut,9011
Williams,Ohio,39171
Banner,Nebraska,31007
Washington,Nebraska,31177
Newport,Rhode Island,44005
Fairfield,Connecticut,9001
Laramie,Wyoming,56021
Wyoming,Pennsylvania,42131
Washington,Rhode Island,44009
Middlesex,Connecticut,9007
New Haven,Connecticut,9009
Lackawanna,Pennsylvania,42069
La Salle,Illinois,17099
Orange,New York,36071
Elk,Pennsylvania,42047
Cuyahoga,Ohio,39035
Venango,Pennsylvania,42121
Forest,Pennsylvania,42053
Ottawa,Ohio,39123
Cameron,Pennsylvania,42023
Wood,Ohio,39173
Pike,Pennsylvania,42103
Lycoming,Pennsylvania,42081
Muscatine,Iowa,19139
Sullivan,Pennsylvania,42113
Bureau,Illinois,17011
Henry,Illinois,17073
Uinta,Wyoming,56041
Noble,Indiana,18113
DeKalb,Indiana,18033
Putnam,New York,36079
Nance,Nebraska,31125
Lorain,Ohio,39093
Mahaska,Iowa,19123
Pottawattamie,Iowa,19155
Washington,Iowa,19183
Marion,Iowa,19125
Madison,Iowa,19121
Warren,Iowa,19181
Keokuk,Iowa,19107
Cass,Iowa,19029
Adair,Iowa,19001
Sandusky,Ohio,39143
Trumbull,Ohio,39155
Mercer,Pennsylvania,42085
Marshall,Indiana,18099
Henry,Ohio,39069
Clinton,Pennsylvania,42035
Dukes,Massachusetts,25007
Grundy,Illinois,17063
Humboldt,California,6023
Butler,Nebraska,31023
Saunders,Nebraska,31155
Erie,Ohio,39043
Kosciusko,Indiana,18085
Starke,Indiana,18149
Clarion,Pennsylvania,42031
Cheyenne,Nebraska,31033
Defiance,Ohio,39039
Weber,Utah,49057
Louisa,Iowa,19115
Luzerne,Pennsylvania,42079
Polk,Nebraska,31143
Douglas,Nebraska,31055
Sherman,Nebraska,31163
Howard,Nebraska,31093
Lincoln,Nebraska,31111
Merrick,Nebraska,31121
Nantucket,Massachusetts,25019
Keith,Nebraska,31101
Kimball,Nebraska,31105
Jefferson,Pennsylvania,42065
Morgan,Utah,49029
Trinity,California,6105
Westchester,New York,36119
Sussex,New Jersey,34037
Summit,Ohio,39153
Portage,Ohio,39133
Mercer,Illinois,17131
Rockland,New York,36087
Putnam,Illinois,17155
Columbia,Pennsylvania,42037
Kankakee,Illinois,17091
Whitley,Indiana,18183
Jasper,Indiana,18073
Huron,Ohio,39077
Allen,Indiana,18003
Medina,Ohio,39103
Summit,Utah,49043
Centre,Pennsylvania,42027
Clearfield,Pennsylvania,42033
Monroe,Pennsylvania,42089
Seneca,Ohio,39147
Paulding,Ohio,39125
Stark,Illinois,17175
Newton,Indiana,18111
Deuel,Nebraska,31049
Passaic,New Jersey,34031
Sarpy,Nebraska,31153
Shasta,California,6089
Lassen,California,6035
Northumberland,Pennsylvania,42097
Fulton,Indiana,18049
Butler,Pennsylvania,42019
Armstrong,Pennsylvania,42005
Pulaski,Indiana,18131
Montour,Pennsylvania,42093
Hancock,Ohio,39063
Mills,Iowa,19129
Putnam,Ohio,39137
Montgomery,Iowa,19137
Adams,Iowa,19003
Clarke,Iowa,19039
Wapello,Iowa,19179
Jefferson,Iowa,19101
Union,Iowa,19175
Henry,Iowa,19087
Hamilton,Nebraska,31081
Lucas,Iowa,19117
Monroe,Iowa,19135
Davis,Utah,49011
Knox,Illinois,17095
Marshall,Illinois,17123
Union,Pennsylvania,42119
Carbon,Pennsylvania,42025
Mahoning,Ohio,39099
Lawrence,Pennsylvania,42073
Bergen,New Jersey,34003
Livingston,Illinois,17105
Warren,New Jersey,34041
Tooele,Utah,49045
Morris,New Jersey,34027
Des Moines,Iowa,19057
Henderson,Illinois,17071
Warren,Illinois,17187
Cass,Nebraska,31025
Ashland,Ohio,39005
Wabash,Indiana,18169
Seward,Nebraska,31159
Lancaster,Nebraska,31109
Buffalo,Nebraska,31019
Dawson,Nebraska,31047
York,Nebraska,31185
Hall,Nebraska,31079
Huntington,Indiana,18069
Iroquois,Illinois,17075
Miami,Indiana,18103
Ford,Illinois,17053
Moffat,Colorado,8081
Weld,Colorado,8123
Jackson,Colorado,8057
Perkins,Nebraska,31135
Logan,Colorado,8075
Sedgwick,Colorado,8115
Routt,Colorado,8107
Larimer,Colorado,8069
Daggett,Utah,49009
Crawford,Ohio,39033
Lander,Nevada,32015
Eureka,Nevada,32011
Richland,Ohio,39139
Wayne,Ohio,39169
Van Wert,Ohio,39161
Wyandot,Ohio,39175
Stark,Ohio,39151
Peoria,Illinois,17143
Northampton,Pennsylvania,42095
Pershing,Nevada,32027
Schuylkill,Pennsylvania,42107
Adams,Indiana,18001
Wells,Indiana,18179
Woodford,Illinois,17203
Columbiana,Ohio,39029
Bronx,New York,36005
Cass,Indiana,18017
White,Indiana,18181
Salt Lake,Utah,49035
Allen,Ohio,39003
Indiana,Pennsylvania,42063
Fremont,Iowa,19071
Page,Iowa,19145
Taylor,Iowa,19173
Ringgold,Iowa,19159
Nassau,New York,36059
Davis,Iowa,19051
Van Buren,Iowa,19177
Decatur,Iowa,19053
Wayne,Iowa,19185
Essex,New Jersey,34013
Appanoose,Iowa,19007
Snyder,Pennsylvania,42109
New York,New York,36061
Uintah,Utah,49047
Beaver,Pennsylvania,42007
Mifflin,Pennsylvania,42087
Duchesne,Utah,49013
Hudson,New Jersey,34017
Lee,Iowa,19111
Hardin,Ohio,39065
Queens,New York,36081
Otoe,Nebraska,31131
Lehigh,Pennsylvania,42077
Hunterdon,New Jersey,34019
Suffolk,New York,36103
McLean,Illinois,17113
Somerset,New Jersey,34035
Carroll,Indiana,18015
Tazewell,Illinois,17179
Blair,Pennsylvania,42013
Benton,Indiana,18007
Phillips,Colorado,8095
Huntingdon,Pennsylvania,42061
Kings,New York,36047
Cambria,Pennsylvania,42021
Union,New Jersey,34039
Mercer,Ohio,39107
Carroll,Ohio,39019
Fulton,Illinois,17057
Morrow,Ohio,39117
Marion,Ohio,39101
Saline,Nebraska,31151
Adams,Nebraska,31001
Clay,Nebraska,31035
Fillmore,Nebraska,31059
Juniata,Pennsylvania,42067
Hayes,Nebraska,31085
Chase,Nebraska,31029
Frontier,Nebraska,31063
Gosper,Nebraska,31073
Auglaize,Ohio,39011
Kearney,Nebraska,31099
Wasatch,Utah,49051
Phelps,Nebraska,31137
Berks,Pennsylvania,42011
Westmoreland,Pennsylvania,42129
Allegheny,Pennsylvania,42003
Grant,Indiana,18053
Holmes,Ohio,39075
Dauphin,Pennsylvania,42043
Tuscarawas,Ohio,39157
Richmond,New York,36085
Hancock,Illinois,17067
McDonough,Illinois,17109
Perry,Pennsylvania,42099
Hancock,West Virginia,54029
Bucks,Pennsylvania,42017
Clark,Missouri,29045
Scotland,Missouri,29199
Schuyler,Missouri,29197
Middlesex,New Jersey,34023
Jefferson,Ohio,39081
Blackford,Indiana,18009
Putnam,Missouri,29171
Atchison,Missouri,29005
Jay,Indiana,18075
Utah,Utah,49049
Nodaway,Missouri,29147
Mercer,Missouri,29129
Howard,Indiana,18067
Harrison,Missouri,29081
Tippecanoe,Indiana,18157
Worth,Missouri,29227
Knox,Ohio,39083
Nemaha,Nebraska,31127
Lebanon,Pennsylvania,42075
Logan,Ohio,39091
Gage,Nebraska,31067
Johnson,Nebraska,31097
Morgan,Colorado,8087
Union,Ohio,39159
Vermilion,Illinois,17183
Warren,Indiana,18171
Shelby,Ohio,39149
Washington,Pennsylvania,42125
Grand,Colorado,8049
Coshocton,Ohio,39031
Tehama,California,6103
Monmouth,New Jersey,34025
Plumas,California,6063
Delaware,Ohio,39041
Montgomery,Pennsylvania,42091
Mason,Illinois,17125
Clinton,Indiana,18023
Yuma,Colorado,8125
Washington,Colorado,8121
Harrison,Ohio,39067
Mercer,New Jersey,34021
Tipton,Indiana,18159
Champaign,Illinois,17019
Brooke,West Virginia,54009
Madison,Indiana,18095
Delaware,Indiana,18035
Gentry,Missouri,29075
Sullivan,Missouri,29211
Fountain,Indiana,18045
Darke,Ohio,39037
Thayer,Nebraska,31169
Jefferson,Nebraska,31095
Adair,Missouri,29001
Dundy,Nebraska,31057
Franklin,Nebraska,31061
Webster,Nebraska,31181
Nuckolls,Nebraska,31129
Hitchcock,Nebraska,31087
Harlan,Nebraska,31083
Furnas,Nebraska,31065
Red Willow,Nebraska,31145
Logan,Illinois,17107
Bedford,Pennsylvania,42009
Cumberland,Pennsylvania,42041
Randolph,Indiana,18135
Lancaster,Pennsylvania,42071
Knox,Missouri,29103
Franklin,Pennsylvania,42055
Piatt,Illinois,17147
De Witt,Illinois,17039
Somerset,Pennsylvania,42111
Schuyler,Illinois,17169
Licking,Ohio,39089
Champaign,Ohio,39021
Holt,Missouri,29087
Richardson,Nebraska,31147
Pawnee,Nebraska,31133
Grundy,Missouri,29079
Boulder,Colorado,8013
Lewis,Missouri,29111
Chester,Pennsylvania,42029
Hamilton,Indiana,18057
York,Pennsylvania,42133
Montgomery,Indiana,18107
Rio Blanco,Colorado,8103
Guernsey,Ohio,39059
Adams,Illinois,17001
Miami,Ohio,39109
Ohio,West Virginia,54069
Boone,Indiana,18011
Burlington,New Jersey,34005
Vermillion,Indiana,18165
Menard,Illinois,17129
Belmont,Ohio,39013
Ocean,New Jersey,34029
Fulton,Pennsylvania,42057
Muskingum,Ohio,39119
Butte,California,6007
Daviess,Missouri,29061
Franklin,Ohio,39049
Fayette,Pennsylvania,42051
Philadelphia,Pennsylvania,42101
Andrew,Missouri,29003
Cass,Illinois,17017
White Pine,Nevada,32033
Madison,Ohio,39097
Brown,Illinois,17009
Garfield,Colorado,8045
Henry,Indiana,18065
Adams,Pennsylvania,42001
Delaware,Pennsylvania,42045
Macon,Illinois,17115
DeKalb,Missouri,29063
Macon,Missouri,29121
Clark,Ohio,39023
Linn,Missouri,29115
Marshall,West Virginia,54051
Greene,Pennsylvania,42059
Wayne,Indiana,18177
Juab,Utah,49023
Churchill,Nevada,32001
Norton,Kansas,20137
Phillips,Kansas,20147
Rawlins,Kansas,20153
Cheyenne,Kansas,20023
Decatur,Kansas,20039
Republic,Kansas,20157
Doniphan,Kansas,20043
Mendocino,California,6045
Smith,Kansas,20183
Jewell,Kansas,20089
Washington,Kansas,20201
Adams,Colorado,8001
Nemaha,Kansas,20131
Marshall,Kansas,20117
Brown,Kansas,20013
Camden,New Jersey,34007
Sangamon,Illinois,17167
Livingston,Missouri,29117
Parke,Indiana,18121
Shelby,Missouri,29205
Hancock,Indiana,18059
Marion,Missouri,29127
Noble,Ohio,39121
Marion,Indiana,18097
Fairfield,Ohio,39045
Hendricks,Indiana,18063
Gilpin,Colorado,8047
Perry,Ohio,39127
Montgomery,Ohio,39113
Preble,Ohio,39135
Summit,Colorado,8117
Eagle,Colorado,8037
Jefferson,Colorado,8059
Edgar,Illinois,17045
Douglas,Illinois,17041
Gloucester,New Jersey,34015
Morgan,Illinois,17137
Putnam,Indiana,18133
Monroe,Ohio,39111
Greene,Ohio,39057
Pike,Illinois,17149
Clear Creek,Colorado,8019
New Castle,Delaware,10003
Christian,Illinois,17021
Buchanan,Missouri,29021
Carbon,Utah,49007
Sanpete,Utah,49039
Pickaway,Ohio,39129
Denver,Colorado,8031
Glenn,California,6021
Moultrie,Illinois,17139
Scott,Illinois,17171
Rush,Indiana,18139
Fayette,Indiana,18041
Caldwell,Missouri,29025
Salem,New Jersey,34033
Sierra,California,6091
Morgan,Ohio,39115
Clinton,Missouri,29049
Lyon,Nevada,32019
Union,Indiana,18161
Arapahoe,Colorado,8005
Atlantic,New Jersey,34001
Washington,Maryland,24043
Allegany,Maryland,24001
Cecil,Maryland,24015
Garrett,Maryland,24023
Harford,Maryland,24025
Monongalia,West Virginia,54061
Preston,West Virginia,54077
Carroll,Maryland,24013
Baltimore,Maryland,24005
Wetzel,West Virginia,54103
Frederick,Maryland,24021
Fayette,Ohio,39047
Chariton,Missouri,29041
Shelby,Indiana,18145
Emery,Utah,49015
Morgan,West Virginia,54065
Coles,Illinois,17029
Ralls,Missouri,29173
Monroe,Missouri,29137
Shelby,Illinois,17173
Hocking,Ohio,39073
Cloud,Kansas,20029
Atchison,Kansas,20005
Jackson,Kansas,20085
Mineral,West Virginia,54057
Washington,Ohio,39167
Marion,West Virginia,54049
Johnson,Indiana,18081
Morgan,Indiana,18109
Yuba,California,6115
Storey,Nevada,32029
Berkeley,West Virginia,54003
Carroll,Missouri,29033
Vigo,Indiana,18167
Randolph,Missouri,29175
Clay,Indiana,18021
Tyler,West Virginia,54095
Pike,Missouri,29163
Warren,Ohio,39165
Butler,Ohio,39017
Lake,California,6033
Clinton,Ohio,39027
Kit Carson,Colorado,8063
Sherman,Kansas,20181
Thomas,Kansas,20193
Sheridan,Kansas,20179
Clay,Kansas,20027
Cumberland,New Jersey,34011
Lincoln,Colorado,8073
Elbert,Colorado,8039
Riley,Kansas,20161
Park,Colorado,8093
Rooks,Kansas,20163
Douglas,Colorado,8035
Osborne,Kansas,20141
Pottawatomie,Kansas,20149
Graham,Kansas,20065
Mitchell,Kansas,20123
Athens,Ohio,39009
Millard,Utah,49027
Hampshire,West Virginia,54027
Platte,Missouri,29165
Montgomery,Illinois,17135
Macoupin,Illinois,17117
Ray,Missouri,29177
Greene,Illinois,17061
Grand,Utah,49019
Franklin,Indiana,18047
Nevada,California,6057
Ross,Ohio,39141
Jefferson,West Virginia,54037
Clark,Illinois,17023
Pleasants,West Virginia,54073
Harrison,West Virginia,54033
Owen,Indiana,18119
Frederick,Virginia,51069
Clay,Missouri,29047
Doddridge,West Virginia,54017
Taylor,West Virginia,54091
Decatur,Indiana,18031
Colusa,California,6011
Jefferson,Kansas,20087
Leavenworth,Kansas,20103
Wood,West Virginia,54107
Saline,Missouri,29195
Calhoun,Illinois,17013
Ritchie,West Virginia,54085
Vinton,Ohio,39163
Kent,Maryland,24029
Cumberland,Illinois,17035
Lake,Colorado,8065
Highland,Ohio,39071
Baltimore City,Maryland,24510
Kent,Delaware,10001
Howard,Maryland,24027
Mesa,Colorado,8077
Pitkin,Colorado,8097
Montgomery,Maryland,24031
Audrain,Missouri,29007
Howard,Missouri,29089
Bartholomew,Indiana,18005
Brown,Indiana,18013
Monroe,Indiana,18105
Grant,West Virginia,54023
Cape May,New Jersey,34009
Loudoun,Virginia,51107
Dearborn,Indiana,18029
Placer,California,6061
Hamilton,Ohio,39061
Ottawa,Kansas,20143
Ripley,Indiana,18137
Sutter,California,6101
Barbour,West Virginia,54001
Lafayette,Missouri,29107
Queen Anne's,Maryland,24035
Tucker,West Virginia,54093
Clarke,Virginia,51043
Clermont,Ohio,39025
Carson City,Nevada,32510
Sullivan,Indiana,18153
Jersey,Illinois,17083
Gunnison,Colorado,8051
Boone,Missouri,29019
Brown,Ohio,39015
Hardy,West Virginia,54031
Jackson,Missouri,29095
Anne Arundel,Maryland,24003
Lincoln,Missouri,29113
Fayette,Illinois,17051
Geary,Kansas,20061
Shawnee,Kansas,20177
Effingham,Illinois,17049
Lincoln,Kansas,20105
Delta,Colorado,8029
Wabaunsee,Kansas,20197
Winchester,Virginia,51840
Jackson,Ohio,39079
Meigs,Ohio,39105
Wyandotte,Kansas,20209
Jennings,Indiana,18079
Pike,Ohio,39131
Crawford,Illinois,17033
Jasper,Illinois,17079
Wirt,West Virginia,54105
Greene,Indiana,18055
Lewis,West Virginia,54041
Nye,Nevada,32023
Montgomery,Missouri,29139
Boone,Kentucky,21015
Caroline,Maryland,24011
Logan,Kansas,20109
Trego,Kansas,20195
Ellis,Kansas,20051
Gove,Kansas,20063
Prince George's,Maryland,24033
Wallace,Kansas,20199
Russell,Kansas,20167
Dickinson,Kansas,20041
El Paso,Colorado,8041
Teller,Colorado,8119
Randolph,West Virginia,54083
Campbell,Kentucky,21037
Upshur,West Virginia,54097
Gilmer,West Virginia,54021
Douglas,Nevada,32005
Shenandoah,Virginia,51171
Jackson,West Virginia,54035
Kenton,Kentucky,21117
Mineral,Nevada,32021
Jackson,Indiana,18071
Callaway,Missouri,29027
Douglas,Kansas,20045
El Dorado,California,6017
Fairfax,Virginia,51059
Cooper,Missouri,29053
Chaffee,Colorado,8015
Adams,Ohio,39001
Calhoun,West Virginia,54013
Johnson,Kansas,20091
Sevier,Utah,49041
Warren,Virginia,51187
Cheyenne,Colorado,8017
Gallia,Ohio,39053
Ohio,Indiana,18115
Bond,Illinois,17005
Mason,West Virginia,54053
Scioto,Ohio,39145
Fauquier,Virginia,51061
Madison,Illinois,17119
Warren,Missouri,29219
Lawrence,Indiana,18093
District of Columbia,District of Columbia,11001
St. Charles,Missouri,29183
Saline,Kansas,20169
Sussex,Delaware,10005
Pendleton,West Virginia,54071
Talbot,Maryland,24041
Roane,West Virginia,54087
Pettis,Missouri,29159
Prince William,Virginia,51153
Johnson,Missouri,29101
Arlington,Virginia,51013
Switzerland,Indiana,18155
Yolo,California,6113
Alpine,California,6003
Jefferson,Indiana,18077
Moniteau,Missouri,29135
Clay,Illinois,17025
Knox,Indiana,18083
Martin,Indiana,18101
Daviess,Indiana,18027
Braxton,West Virginia,54007
Falls Church,Virginia,51610
St. Louis,Missouri,29189
Pendleton,Kentucky,21191
Fairfax City,Virginia,51600
Gallatin,Kentucky,21077
Morris,Kansas,20127
Osage,Kansas,20139
Ellsworth,Kansas,20053
Rappahannock,Virginia,51157
Lawrence,Illinois,17101
Richland,Illinois,17159
Napa,California,6055
Sonoma,California,6097
Alexandria,Virginia,51510
Rockingham,Virginia,51165
Lawrence,Ohio,39087
Cass,Missouri,29037
Marion,Illinois,17121
Scott,Indiana,18143
Page,Virginia,51139
Bracken,Kentucky,21023
Grant,Kentucky,21081
St. Louis City,Missouri,29510
Manassas Park,Virginia,51685
Washington,Indiana,18175
Manassas,Virginia,51683
Calvert,Maryland,24009
Carroll,Kentucky,21041
Mason,Kentucky,21161
Greenup,Kentucky,21089
Clinton,Illinois,17027
Webster,West Virginia,54101
Trimble,Kentucky,21223
Sacramento,California,6067
Miami,Kansas,20121
Cole,Missouri,29051
Pocahontas,West Virginia,54075
Lyon,Kansas,20111
Franklin,Kansas,20059
Owen,Kentucky,21187
Lewis,Kentucky,21135
Gasconade,Missouri,29073
Osage,Missouri,29151
Charles,Maryland,24017
Mono,California,6051
Franklin,Missouri,29071
Dorchester,Maryland,24019
Culpeper,Virginia,51047
Amador,California,6005
Scott,Kansas,20171
Morgan,Missouri,29141
Wichita,Kansas,20203
Lane,Kansas,20101
Ness,Kansas,20135
Greeley,Kansas,20071
Fremont,Colorado,8043
Rush,Kansas,20165
Barton,Kansas,20009
Orange,Indiana,18117
Putnam,West Virginia,54079
Lincoln,Nevada,32017
Montrose,Colorado,8085
Clay,West Virginia,54015
St. Clair,Illinois,17163
Kanawha,West Virginia,54039
Madison,Virginia,51113
Kiowa,Colorado,8061
Wayne,Illinois,17191
Clark,Indiana,18019
McPherson,Kansas,20113
Robertson,Kentucky,21201
Henry,Kentucky,21103
Marion,Kansas,20115
Stafford,Virginia,51179
Cabell,West Virginia,54011
Highland,Virginia,51091
Harrison,Kentucky,21097
Beaver,Utah,49001
Edwards,Illinois,17047
Wabash,Illinois,17185
Henry,Missouri,29083
Nicholas,West Virginia,54067
Wicomico,Maryland,24045
Pike,Indiana,18125
Benton,Missouri,29015
Oldham,Kentucky,21185
Fleming,Kentucky,21069
Gibson,Indiana,18051
Dubois,Indiana,18037
Monroe,Illinois,17133
Pueblo,Colorado,8101
Chase,Kansas,20017
Rice,Kansas,20159
Crowley,Colorado,8025
St. Mary's,Maryland,24037
Washington,Illinois,17189
Carter,Kentucky,21043
Wayne,Utah,49055
Piute,Utah,49031
Calaveras,California,6009
Boyd,Kentucky,21019
Jefferson,Missouri,29099
San Juan,Utah,49037
Scott,Kentucky,21209
Augusta,Virginia,51015
Jefferson,Illinois,17081
Greene,Virginia,51079
Bates,Missouri,29013
Harrisonburg,Virginia,51660
Saguache,Colorado,8109
Nicholas,Kentucky,21181
Esmeralda,Nevada,32009
Worcester,Maryland,24047
Tuolumne,California,6109
Coffey,Kansas,20031
Miller,Missouri,29131
Crawford,Indiana,18025
Harrison,Indiana,18061
Wayne,West Virginia,54099
Floyd,Indiana,18043
Orange,Virginia,51137
Rowan,Kentucky,21205
Linn,Kansas,20107
Anderson,Kansas,20003
Jefferson,Kentucky,21111
Spotsylvania,Virginia,51177
King George,Virginia,51099
Lincoln,West Virginia,54043
Franklin,Kentucky,21073
Bourbon,Kentucky,21017
Shelby,Kentucky,21211
Pawnee,Kansas,20145
Ouray,Colorado,8091
Marin,California,6041
Fredericksburg,Virginia,51630
Bath,Kentucky,21011
San Joaquin,California,6077
Somerset,Maryland,24039
Maries,Missouri,29125
Westmoreland,Virginia,51193
Albemarle,Virginia,51003
Lawrence,Kentucky,21127
Elliott,Kentucky,21063
Bath,Virginia,51017
Greenbrier,West Virginia,54025
Camden,Missouri,29029
Fayette,West Virginia,54019
Prowers,Colorado,8099
Perry,Indiana,18123
Bent,Colorado,8011
White,Illinois,17193
Hamilton,Illinois,17065
Hamilton,Kansas,20075
Kearny,Kansas,20093
Otero,Colorado,8089
Custer,Colorado,8027
Finney,Kansas,20055
Stafford,Kansas,20185
Hodgeman,Kansas,20083
Caroline,Virginia,51033
Warrick,Indiana,18173
Posey,Indiana,18129
Boone,West Virginia,54005
Randolph,Illinois,17157
St. Clair,Missouri,29185
Perry,Illinois,17145
Crawford,Missouri,29055
Fayette,Kentucky,21067
Washington,Missouri,29221
Spencer,Indiana,18147
Meade,Kentucky,21163
Montgomery,Kentucky,21173
Woodford,Kentucky,21239
Staunton,Virginia,51790
Vanderburgh,Indiana,18163
Harvey,Kansas,20079
Reno,Kansas,20155
Greenwood,Kansas,20073
Essex,Virginia,51057
Solano,California,6095
Phelps,Missouri,29161
Spencer,Kentucky,21215
San Miguel,Colorado,8113
Louisa,Virginia,51109
Garfield,Utah,49017
Hinsdale,Colorado,8053
Iron,Utah,49021
Franklin,Illinois,17055
Anderson,Kentucky,21005
Ste. Genevieve,Missouri,29186
Morgan,Kentucky,21175
Bullitt,Kentucky,21029
Clark,Kentucky,21049
Richmond,Virginia,51159
Contra Costa,California,6013
Waynesboro,Virginia,51820
Butler,Kansas,20015
Rockbridge,Virginia,51163
St. Francois,Missouri,29187
Stanislaus,California,6099
Edwards,Kansas,20047
Hickory,Missouri,29085
Charlottesville,Virginia,51540
Menifee,Kentucky,21165
Vernon,Missouri,29217
Breckinridge,Kentucky,21027
Nelson,Virginia,51125
Woodson,Kansas,20207
Allen,Kansas,20001
Bourbon,Kansas,20011
Accomack,Virginia,51001
Northumberland,Virginia,51133
Logan,West Virginia,54045
Pulaski,Missouri,29169
Hardin,Kentucky,21093
Hanover,Virginia,51085
Fluvanna,Virginia,51065
Huerfano,Colorado,8055
Johnson,Kentucky,21115
Jessamine,Kentucky,21113
Gray,Kansas,20069
Hancock,Kentucky,21091
Nelson,Kentucky,21179
Raleigh,West Virginia,54081
Mingo,West Virginia,54059
King and Queen,Virginia,51097
Henderson,Kentucky,21101
San Juan,Colorado,8111
Mercer,Kentucky,21167
Mineral,Colorado,8079
Martin,Kentucky,21159
Alleghany,Virginia,51005
Jackson,Illinois,17077
Powell,Kentucky,21197
Daviess,Kentucky,21059
Gallatin,Illinois,17059
Madison,Kentucky,21151
Saline,Illinois,17165
King William,Virginia,51101
Ford,Kansas,20057
Sedgwick,Kansas,20173
Washington,Kentucky,21229
Goochland,Virginia,51075
Perry,Missouri,29157
Union,Kentucky,21225
Dolores,Colorado,8033
Dallas,Missouri,29059
Alameda,California,6001
Mariposa,California,6043
Cedar,Missouri,29039
Magoffin,Kentucky,21153
Laclede,Missouri,29105
Williamson,Illinois,17199
Summers,West Virginia,54089
Wolfe,Kentucky,21237
Estill,Kentucky,21065
Lancaster,Virginia,51103
Rio Grande,Colorado,8105
Garrard,Kentucky,21079
Polk,Missouri,29167
Pratt,Kansas,20151
Amherst,Virginia,51009
San Francisco,California,6075
Covington,Virginia,51580
Las Animas,Colorado,8071
Lexington,Virginia,51678
Wyoming,West Virginia,54109
Botetourt,Virginia,51023
Buckingham,Virginia,51029
Dent,Missouri,29065
Middlesex,Virginia,51119
Madera,California,6039
Floyd,Kentucky,21071
Pike,Kentucky,21195
Cumberland,Virginia,51049
Buena Vista,Virginia,51530
Iron,Missouri,29093
Alamosa,Colorado,8003
Ohio,Kentucky,21183
Stanton,Kansas,20187
Haskell,Kansas,20081
Grant,Kansas,20067
Larue,Kentucky,21123
Kiowa,Kansas,20097
Wilson,Kansas,20205
Neosho,Kansas,20133
Marion,Kentucky,21155
Kingman,Kansas,20095
Monroe,West Virginia,54063
Lee,Kentucky,21129
Boyle,Kentucky,21021
Henrico,Virginia,51087
San Mateo,California,6081
Breathitt,Kentucky,21025
Powhatan,Virginia,51145
McLean,Kentucky,21149
Crawford,Kansas,20037
Craig,Virginia,51045
Webster,Kentucky,21233
Barton,Missouri,29011
Madison,Missouri,29123
Baca,Colorado,8009
Costilla,Colorado,8023
Lincoln,Kentucky,21137
Montezuma,Colorado,8083
La Plata,Colorado,8067
New Kent,Virginia,51127
Merced,California,6047
Grayson,Kentucky,21085
Bedford,Virginia,51019
Washington,Utah,49053
Hardin,Illinois,17069
Richmond City,Virginia,51760
Pope,Illinois,17151
Texas,Missouri,29215
Union,Illinois,17181
Johnson,Illinois,17087
Reynolds,Missouri,29179
Elk,Kansas,20049
Bollinger,Missouri,29017
Cape Girardeau,Missouri,29031
Gloucester,Virginia,51073
Mercer,West Virginia,54055
Dade,Missouri,29057
Jackson,Kentucky,21109
Fresno,California,6019
Hopkins,Kentucky,21107
Chesterfield,Virginia,51041
Appomattox,Virginia,51011
Northampton,Virginia,51131
Casey,Kentucky,21045
McDowell,West Virginia,54047
Crittenden,Kentucky,21055
Kane,Utah,49025
Owsley,Kentucky,21189
Rockcastle,Kentucky,21203
Knott,Kentucky,21119
Buchanan,Virginia,51027
Mathews,Virginia,51115
Amelia,Virginia,51007
Charles City,Virginia,51036
Webster,Missouri,29225
Wright,Missouri,29229
Santa Clara,California,6085
Taylor,Kentucky,21217
Giles,Virginia,51071
Sumner,Kansas,20191
Cowley,Kansas,20035
Lynchburg,Virginia,51680
Meade,Kansas,20119
Clark,Kansas,20025
Green,Kentucky,21087
Barber,Kansas,20007
James City,Virginia,51095
Inyo,California,6027
Hart,Kentucky,21099
Perry,Kentucky,21193
Campbell,Virginia,51031
Archuleta,Colorado,8007
Greene,Missouri,29077
Shannon,Missouri,29203
Livingston,Kentucky,21139
Muhlenberg,Kentucky,21177
Roanoke,Virginia,51161
Prince Edward,Virginia,51147
Butler,Kentucky,21031
Conejos,Colorado,8021
Stevens,Kansas,20189
Morton,Kansas,20129
Seward,Kansas,20175
Harper,Kansas,20077
Montgomery,Kansas,20125
Labette,Kansas,20099
Comanche,Kansas,20033
Caldwell,Kentucky,21033
York,Virginia,51199
Montgomery,Virginia,51121
Jasper,Missouri,29097
Pulaski,Kentucky,21199
Clay,Kentucky,21051
Bedford City,Virginia,51515
Massac,Illinois,17127
Alexander,Illinois,17003
Tazewell,Virginia,51185
Pulaski,Illinois,17153
Cherokee,Kansas,20021
Edmonson,Kentucky,21061
Laurel,Kentucky,21125
Prince George,Virginia,51149
Roanoke City,Virginia,51770
Hopewell,Virginia,51670
Leslie,Kentucky,21131
Salem,Virginia,51775
Adair,Kentucky,21001
Wayne,Missouri,29223
Bland,Virginia,51021
Dickenson,Virginia,51051
Chautauqua,Kansas,20019
Nottoway,Virginia,51135
Colonial Heights,Virginia,51570
Williamsburg,Virginia,51830
Lawrence,Missouri,29109
Santa Cruz,California,6087
Dinwiddie,Virginia,51053
Letcher,Kentucky,21133
Scott,Missouri,29201
Charlotte,Virginia,51037
Surry,Virginia,51181
Petersburg,Virginia,51730
Pulaski,Virginia,51155
Newport News,Virginia,51700
Franklin,Virginia,51067
Ballard,Kentucky,21007
McCracken,Kentucky,21145
Wise,Virginia,51195
Warren,Kentucky,21227
Russell,Kentucky,21207
Lyon,Kentucky,21143
Metcalfe,Kentucky,21169
Poquoson,Virginia,51735
Barren,Kentucky,21009
Christian,Kentucky,21047
Radford,Virginia,51750
Isle of Wight,Virginia,51093
Russell,Virginia,51167
Stoddard,Missouri,29207
Floyd,Virginia,51063
Lunenburg,Virginia,51111
Sussex,Virginia,51183
Hampton,Virginia,51650
Carter,Missouri,29035
Christian,Missouri,29043
Mississippi,Missouri,29133
Todd,Kentucky,21219
Logan,Kentucky,21141
Wythe,Virginia,51197
Douglas,Missouri,29067
Marshall,Kentucky,21157
Newton,Missouri,29145
Howell,Missouri,29091
Knox,Kentucky,21121
Halifax,Virginia,51083
Brunswick,Virginia,51025
Harlan,Kentucky,21095
Smyth,Virginia,51173
Trigg,Kentucky,21221
Navajo,Arizona,4017
Coconino,Arizona,4005
Craig,Oklahoma,40035
Nowata,Oklahoma,40105
Ottawa,Oklahoma,40115
Osage,Oklahoma,40113
Kay,Oklahoma,40071
Washington,Oklahoma,40147
Union,New Mexico,35059
San Juan,New Mexico,35045
Rio Arriba,New Mexico,35039
Alfalfa,Oklahoma,40003
Grant,Oklahoma,40053
Cimarron,Oklahoma,40025
Woods,Oklahoma,40151
Mohave,Arizona,4015
Wayne,Kentucky,21231
Beaver,Oklahoma,40007
Texas,Oklahoma,40139
Southampton,Virginia,51175
Apache,Arizona,4001
Harper,Oklahoma,40059
Taos,New Mexico,35055
Colfax,New Mexico,35007
Stone,Missouri,29209
San Benito,California,6069
Whitley,Kentucky,21235
Carlisle,Kentucky,21039
Norfolk,Virginia,51710
McCreary,Kentucky,21147
Bell,Kentucky,21013
Norton,Virginia,51720
Graves,Kentucky,21083
Cumberland,Kentucky,21057
Allen,Kentucky,21003
Virginia Beach,Virginia,51810
Carroll,Virginia,51035
Barry,Missouri,29009
Washington,Virginia,51191
Butler,Missouri,29023
Suffolk,Virginia,51800
Monterey,California,6053
Greensville,Virginia,51081
Mecklenburg,Virginia,51117
Lee,Virginia,51105
Simpson,Kentucky,21213
Scott,Virginia,51169
Clinton,Kentucky,21053
Oregon,Missouri,29149
Patrick,Virginia,51141
New Madrid,Missouri,29143
Chesapeake,Virginia,51550
Clark,Nevada,32003
Henry,Virginia,51089
Monroe,Kentucky,21171
Portsmouth,Virginia,51740
Ripley,Missouri,29181
Taney,Missouri,29213
Woodward,Oklahoma,40153
Grayson,Virginia,51077
Ozark,Missouri,29153
Hickman,Kentucky,21105
McDonald,Missouri,29119
Calloway,Kentucky,21035
Tulare,California,6107
Emporia,Virginia,51595
Martinsville,Virginia,51690
Galax,Virginia,51640
Franklin City,Virginia,51620
Stewart,Tennessee,47161
Delaware,Oklahoma,40041
Robertson,Tennessee,47147
Sumner,Tennessee,47165
Montgomery,Tennessee,47125
Macon,Tennessee,47111
Dunklin,Missouri,29069
Clay,Tennessee,47027
Pickett,Tennessee,47137
Bristol,Virginia,51520
Sullivan,Tennessee,47163
Johnson,Tennessee,47091
Noble,Oklahoma,40103
Scott,Tennessee,47151
Rogers,Oklahoma,40131
Hancock,Tennessee,47067
Claiborne,Tennessee,47025
Campbell,Tennessee,47013
Ellis,Oklahoma,40045
Garfield,Oklahoma,40047
Hawkins,Tennessee,47073
Ashe,North Carolina,37009
Fentress,Tennessee,47049
Alleghany,North Carolina,37005
Surry,North Carolina,37171
Fulton,Kentucky,21075
Pawnee,Oklahoma,40117
Currituck,North Carolina,37053
Northampton,North Carolina,37131
Hertford,North Carolina,37091
Camden,North Carolina,37029
Gates,North Carolina,37073
Warren,North Carolina,37185
Stokes,North Carolina,37169
Caswell,North Carolina,37033
Rockingham,North Carolina,37157
Granville,North Carolina,37077
Person,North Carolina,37145
Vance,North Carolina,37181
Overton,Tennessee,47133
Jackson,Tennessee,47087
Mayes,Oklahoma,40097
Halifax,North Carolina,37083
Major,Oklahoma,40093
Pasquotank,North Carolina,37139
Carter,Tennessee,47019
Lake,Tennessee,47095
Obion,Tennessee,47131
Weakley,Tennessee,47183
Henry,Tennessee,47079
Trousdale,Tennessee,47169
Lipscomb,Texas,48295
Sherman,Texas,48421
Clay,Arkansas,5021
Dallam,Texas,48111
Hansford,Texas,48195
Baxter,Arkansas,5005
Fulton,Arkansas,5049
Sharp,Arkansas,5135
Randolph,Arkansas,5121
Benton,Arkansas,5007
Marion,Arkansas,5089
Carroll,Arkansas,5015
Boone,Arkansas,5009
Ochiltree,Texas,48357
Kings,California,6031
Cheatham,Tennessee,47021
Washington,Tennessee,47179
Union,Tennessee,47173
Tulsa,Oklahoma,40143
Wilkes,North Carolina,37193
Pemiscot,Missouri,29155
Smith,Tennessee,47159
Grainger,Tennessee,47057
Greene,Tennessee,47059
Davidson,Tennessee,47037
Watauga,North Carolina,37189
Perquimans,North Carolina,37143
Houston,Tennessee,47083
Morgan,Tennessee,47129
Benton,Tennessee,47005
Wilson,Tennessee,47189
Hamblen,Tennessee,47063
Chowan,North Carolina,37041
Dickson,Tennessee,47043
Putnam,Tennessee,47141
Madison,Arkansas,5087
Anderson,Tennessee,47001
Avery,North Carolina,37011
Yadkin,North Carolina,37197
Greene,Arkansas,5055
Mora,New Mexico,35033
Lawrence,Arkansas,5075
Franklin,North Carolina,37069
Izard,Arkansas,5065
Unicoi,Tennessee,47171
Forsyth,North Carolina,37067
Payne,Oklahoma,40119
Humphreys,Tennessee,47085
Guilford,North Carolina,37081
Alamance,North Carolina,37001
Bertie,North Carolina,37015
Washington,Arkansas,5143
Orange,North Carolina,37135
Durham,North Carolina,37063
Gibson,Tennessee,47053
Harding,New Mexico,35021
Sandoval,New Mexico,35043
Dyer,Tennessee,47045
Nash,North Carolina,37127
Knox,Tennessee,47093
Jefferson,Tennessee,47089
Cocke,Tennessee,47029
Cherokee,Oklahoma,40021
Creek,Oklahoma,40037
Cumberland,Tennessee,47035
Adair,Oklahoma,40001
Kingfisher,Oklahoma,40073
Logan,Oklahoma,40083
Wagoner,Oklahoma,40145
Blaine,Oklahoma,40011
Dewey,Oklahoma,40043
Carroll,Tennessee,47017
Mitchell,North Carolina,37121
Edgecombe,North Carolina,37065
DeKalb,Tennessee,47041
Newton,Arkansas,5101
Searcy,Arkansas,5129
Caldwell,North Carolina,37027
Stone,Arkansas,5137
Rutherford,Tennessee,47149
White,Tennessee,47185
Yancey,North Carolina,37199
Martin,North Carolina,37117
Wake,North Carolina,37183
Roberts,Texas,48393
Hemphill,Texas,48211
Roane,Tennessee,47145
Hutchinson,Texas,48233
Hartley,Texas,48205
Williamson,Tennessee,47187
Moore,Texas,48341
Madison,North Carolina,37115
Iredell,North Carolina,37097
Davie,North Carolina,37059
Sevier,Tennessee,47155
Alexander,North Carolina,37003
Davidson,North Carolina,37057
Roger Mills,Oklahoma,40129
Santa Fe,New Mexico,35049
McKinley,New Mexico,35031
Hickman,Tennessee,47081
Mississippi,Arkansas,5093
Crockett,Tennessee,47033
Burke,North Carolina,37023
Craighead,Arkansas,5031
Los Alamos,New Mexico,35028
Cannon,Tennessee,47015
Washington,North Carolina,37187
Tyrrell,North Carolina,37177
McDowell,North Carolina,37111
Lauderdale,Tennessee,47097
Lincoln,Oklahoma,40081
Independence,Arkansas,5063
Randolph,North Carolina,37151
Loudon,Tennessee,47105
Jackson,Arkansas,5067
San Miguel,New Mexico,35047
Blount,Tennessee,47009
Chatham,North Carolina,37037
Muskogee,Oklahoma,40101
Okmulgee,Oklahoma,40111
Warren,Tennessee,47177
Decatur,Tennessee,47039
Maury,Tennessee,47119
Wilson,North Carolina,37195
Rowan,North Carolina,37159
Perry,Tennessee,47135
Rhea,Tennessee,47143
Van Buren,Tennessee,47175
Pitt,North Carolina,37147
Henderson,Tennessee,47077
Catawba,North Carolina,37035
Haywood,Tennessee,47075
Buncombe,North Carolina,37021
Johnston,North Carolina,37101
Custer,Oklahoma,40039
Kern,California,6029
San Bernardino,California,6071
San Luis Obispo,California,6079
Madison,Tennessee,47113
Van Buren,Arkansas,5141
Haywood,North Carolina,37087
Bledsoe,Tennessee,47007
Franklin,Arkansas,5047
Johnson,Arkansas,5071
Dare,North Carolina,37055
Crawford,Arkansas,5033
Meigs,Tennessee,47121
Quay,New Mexico,35037
Beaufort,North Carolina,37013
Pope,Arkansas,5115
Canadian,Oklahoma,40017
Oklahoma,Oklahoma,40109
Marshall,Tennessee,47117
Cleburne,Arkansas,5023
Coffee,Tennessee,47031
Poinsett,Arkansas,5111
Bedford,Tennessee,47003
Swain,North Carolina,37173
Monroe,Tennessee,47123
Lewis,Tennessee,47101
Greene,North Carolina,37079
McMinn,Tennessee,47107
Okfuskee,Oklahoma,40107
Sequoyah,Oklahoma,40135
Tipton,Tennessee,47167
Potter,Texas,48375
Carson,Texas,48065
Gray,Texas,48179
Wheeler,Texas,48483
Oldham,Texas,48359
Lee,North Carolina,37105
Rutherford,North Carolina,37161
Chester,Tennessee,47023
Wayne,North Carolina,37191
Harnett,North Carolina,37085
Sequatchie,Tennessee,47153
Cleveland,North Carolina,37045
McIntosh,Oklahoma,40091
Lincoln,North Carolina,37109
Caddo,Oklahoma,40015
Grundy,Tennessee,47061
Yavapai,Arizona,4025
White,Arkansas,5145
Jackson,North Carolina,37099
Moore,North Carolina,37125
Mecklenburg,North Carolina,37119
Cabarrus,North Carolina,37025
Beckham,Oklahoma,40009
Montgomery,North Carolina,37123
Stanly,North Carolina,37167
Wayne,Tennessee,47181
Henderson,North Carolina,37089
Shelby,Tennessee,47157
Washita,Oklahoma,40149
Pottawatomie,Oklahoma,40125
Haskell,Oklahoma,40061
Hamilton,Tennessee,47065
Conway,Arkansas,5029
Lawrence,Tennessee,47099
Giles,Tennessee,47055
Graham,North Carolina,37075
Seminole,Oklahoma,40133
Sebastian,Arkansas,5131
Cross,Arkansas,5037
Woodruff,Arkansas,5147
Crittenden,Arkansas,5035
Hardeman,Tennessee,47069
Hardin,Tennessee,47071
Logan,Arkansas,5083
Lenoir,North Carolina,37107
Moore,Tennessee,47127
Transylvania,North Carolina,37175
Gaston,North Carolina,37071
Fayette,Tennessee,47047
Le Flore,Oklahoma,40079
Polk,North Carolina,37149
McNairy,Tennessee,47109
Cleveland,Oklahoma,40027
Lincoln,Tennessee,47103
Grady,Oklahoma,40051
Faulkner,Arkansas,5045
Franklin,Tennessee,47051
Bradley,Tennessee,47011
Cibola,New Mexico,35006
McClain,Oklahoma,40087
Marion,Tennessee,47115
Macon,North Carolina,37113
Sampson,North Carolina,37163
Pittsburg,Oklahoma,40121
Pamlico,North Carolina,37137
Yell,Arkansas,5149
Hughes,Oklahoma,40063
Cherokee,North Carolina,37039
Polk,Tennessee,47139
Cumberland,North Carolina,37051
Jones,North Carolina,37103
Bernalillo,New Mexico,35001
Guadalupe,New Mexico,35019
Greenville,South Carolina,45045
Union,North Carolina,37179
Anson,North Carolina,37007
Hoke,North Carolina,37093
Spartanburg,South Carolina,45083
Hyde,North Carolina,37095
Duplin,North Carolina,37061
Cherokee,South Carolina,45021
Randall,Texas,48381
Armstrong,Texas,48011
Collingsworth,Texas,48087
Donley,Texas,48129
Deaf Smith,Texas,48117
Richmond,North Carolina,37153
York,South Carolina,45091
Clay,North Carolina,37043
St. Francis,Arkansas,5123
Kiowa,Oklahoma,40075
Greer,Oklahoma,40055
Perry,Arkansas,5105
Scott,Arkansas,5127
Prairie,Arkansas,5117
Pickens,South Carolina,45077
Lonoke,Arkansas,5085
Latimer,Oklahoma,40077
Craven,North Carolina,37049
Lancaster,South Carolina,45057
Oconee,South Carolina,45073
Torrance,New Mexico,35057
Scotland,North Carolina,37165
Harmon,Oklahoma,40057
Pulaski,Arkansas,5119
Lauderdale,Alabama,1077
Limestone,Alabama,1083
Monroe,Arkansas,5095
Alcorn,Mississippi,28003
Tishomingo,Mississippi,28141
Tippah,Mississippi,28139
Benton,Mississippi,28009
DeSoto,Mississippi,28033
Marshall,Mississippi,28093
Rabun,Georgia,13241
Madison,Alabama,1089
Jackson,Alabama,1071
Whitfield,Georgia,13313
Murray,Georgia,13213
Catoosa,Georgia,13047
Dade,Georgia,13083
Walker,Georgia,13295
Towns,Georgia,13281
Union,Georgia,13291
Fannin,Georgia,13111
Onslow,North Carolina,37133
Pontotoc,Oklahoma,40123
Curry,New Mexico,35009
Valencia,New Mexico,35061
Robeson,North Carolina,37155
Lee,Arkansas,5077
Union,South Carolina,45087
Colbert,Alabama,1033
Ventura,California,6111
Tunica,Mississippi,28143
Carteret,North Carolina,37031
Garvin,Oklahoma,40049
Saline,Arkansas,5125
DeKalb,Alabama,1049
Comanche,Oklahoma,40031
Jackson,Oklahoma,40065
Bladen,North Carolina,37017
Gilmer,Georgia,13123
Chester,South Carolina,45023
Habersham,Georgia,13137
Anderson,South Carolina,45007
Chesterfield,South Carolina,45025
Lawrence,Alabama,1079
Marlboro,South Carolina,45069
White,Georgia,13311
Tate,Mississippi,28137
Laurens,South Carolina,45059
Garland,Arkansas,5051
De Baca,New Mexico,35011
Coal,Oklahoma,40029
Prentiss,Mississippi,28117
Montgomery,Arkansas,5097
Parmer,Texas,48369
Castro,Texas,48069
Swisher,Texas,48437
Briscoe,Texas,48045
Childress,Texas,48075
Hall,Texas,48191
Polk,Arkansas,5113
Pender,North Carolina,37141
Lumpkin,Georgia,13187
Pushmataha,Oklahoma,40127
Atoka,Oklahoma,40005
Stephens,Oklahoma,40137
Morgan,Alabama,1103
Stephens,Georgia,13257
Phillips,Arkansas,5107
Murray,Oklahoma,40099
Tillman,Oklahoma,40141
Gordon,Georgia,13129
Dillon,South Carolina,45033
Dawson,Georgia,13085
Kershaw,South Carolina,45055
Union,Mississippi,28145
Marshall,Alabama,1095
Roosevelt,New Mexico,35041
Catron,New Mexico,35003
Floyd,Georgia,13115
Chattooga,Georgia,13055
Socorro,New Mexico,35053
Franklin,Alabama,1059
Hardeman,Texas,48197
Arkansas,Arkansas,5001
Lafayette,Mississippi,28071
Panola,Mississippi,28107
Fairfield,South Carolina,45039
Pickens,Georgia,13227
Franklin,Georgia,13119
Coahoma,Mississippi,28027
Darlington,South Carolina,45031
Newberry,South Carolina,45071
Cherokee,Alabama,1019
Lee,Mississippi,28081
Gila,Arizona,4007
Quitman,Mississippi,28119
Johnston,Oklahoma,40069
Carter,Oklahoma,40019
Hot Spring,Arkansas,5059
McCurtain,Oklahoma,40089
Cotton,Oklahoma,40033
Hall,Georgia,13139
Grant,Arkansas,5053
Jefferson,Arkansas,5069
Hart,Georgia,13147
Banks,Georgia,13011
Abbeville,South Carolina,45001
Columbus,North Carolina,37047
Itawamba,Mississippi,28057
Wilbarger,Texas,48487
Bartow,Georgia,13015
Cherokee,Georgia,13057
Greenwood,South Carolina,45047
New Hanover,North Carolina,37129
Pontotoc,Mississippi,28115
Lee,South Carolina,45061
Brunswick,North Carolina,37019
Howard,Arkansas,5061
Pike,Arkansas,5109
Lincoln,New Mexico,35027
Clark,Arkansas,5019
La Paz,Arizona,4012
Forsyth,Georgia,13117
Marion,Alabama,1093
Motley,Texas,48345
Cullman,Alabama,1043
Cottle,Texas,48101
Winston,Alabama,1133
Floyd,Texas,48153
Hale,Texas,48189
Lamb,Texas,48279
Bailey,Texas,48017
Florence,South Carolina,45041
Horry,South Carolina,45051
Jackson,Georgia,13157
Marion,South Carolina,45067
Jefferson,Oklahoma,40067
Elbert,Georgia,13105
Madison,Georgia,13195
Blount,Alabama,1009
Richland,South Carolina,45079
Foard,Texas,48155
Etowah,Alabama,1055
Sevier,Arkansas,5133
Lexington,South Carolina,45063
Yalobusha,Mississippi,28161
Wichita,Texas,48485
Fulton,Georgia,13121
Marshall,Oklahoma,40095
Lincoln,Arkansas,5079
Saluda,South Carolina,45081
Gwinnett,Georgia,13135
Tallahatchie,Mississippi,28135
Calhoun,Mississippi,28013
Bryan,Oklahoma,40013
Choctaw,Oklahoma,40023
Sumter,South Carolina,45085
Dallas,Arkansas,5039
Clay,Texas,48077
Barrow,Georgia,13013
Desha,Arkansas,5041
Bolivar,Mississippi,28011
Cobb,Georgia,13067
Polk,Georgia,13233
Chaves,New Mexico,35005
Monroe,Mississippi,28095
Paulding,Georgia,13223
Chickasaw,Mississippi,28017
Riverside,California,6065
McCormick,South Carolina,45065
Love,Oklahoma,40085
Cleveland,Arkansas,5025
Lamar,Alabama,1075
Clarke,Georgia,13059
Oglethorpe,Georgia,13221
Maricopa,Arizona,4013
Santa Barbara,California,6083
Hempstead,Arkansas,5057
Walker,Alabama,1127
Sunflower,Mississippi,28133
Montague,Texas,48337
Wilkes,Georgia,13317
St. Clair,Alabama,1115
Lincoln,Georgia,13181
Edgefield,South Carolina,45037
Calhoun,Alabama,1015
Oconee,Georgia,13219
DeKalb,Georgia,13089
Red River,Texas,48387
Nevada,Arkansas,5099
Grayson,Texas,48181
Cleburne,Alabama,1029
Orange,California,6059
Cooke,Texas,48097
Little River,Arkansas,5081
Clarendon,South Carolina,45027
Lamar,Texas,48277
Walton,Georgia,13297
Fayette,Alabama,1057
Haralson,Georgia,13143
Grenada,Mississippi,28043
Fannin,Texas,48147
Williamsburg,South Carolina,45089
Calhoun,South Carolina,45017
Aiken,South Carolina,45003
Jefferson,Alabama,1073
King,Texas,48269
Dickens,Texas,48125
Crosby,Texas,48107
Lubbock,Texas,48303
Archer,Texas,48009
Hockley,Texas,48219
Knox,Texas,48275
Baylor,Texas,48023
Cochran,Texas,48079
Ouachita,Arkansas,5103
Carroll,Georgia,13045
Leflore,Mississippi,28083
Clay,Mississippi,28025
Morgan,Georgia,13211
Calhoun,Arkansas,5013
Douglas,Georgia,13097
Drew,Arkansas,5043
Rockdale,Georgia,13247
Greenlee,Arizona,4011
Georgetown,South Carolina,45043
Greene,Georgia,13133
Lowndes,Mississippi,28087
Newton,Georgia,13217
Webster,Mississippi,28155
Taliaferro,Georgia,13265
Bradley,Arkansas,5011
Orangeburg,South Carolina,45075
Bowie,Texas,48037
Columbia,Georgia,13073
Talladega,Alabama,1121
Carroll,Mississippi,28015
Montgomery,Mississippi,28097
McDuffie,Georgia,13189
Graham,Arizona,4009
Clayton,Georgia,13063
Henry,Georgia,13151
Tuscaloosa,Alabama,1125
Warren,Georgia,13301
Miller,Arkansas,5091
Oktibbeha,Mississippi,28105
Lea,New Mexico,35025
Chicot,Arkansas,5017
Fayette,Georgia,13113
Shelby,Alabama,1117
Richmond,Georgia,13245
Pickens,Alabama,1107
Washington,Mississippi,28151
Choctaw,Mississippi,28019
Jasper,Georgia,13159
Berkeley,South Carolina,45015
Coweta,Georgia,13077
San Diego,California,6073
Randolph,Alabama,1111
Clay,Alabama,1027
Yuma,Arizona,4027
Delta,Texas,48119
Barnwell,South Carolina,45011
Lafayette,Arkansas,5073
Sierra,New Mexico,35051
Los Angeles,California,6037
Putnam,Georgia,13237
Pinal,Arizona,4021
Jack,Texas,48237
Hancock,Georgia,13141
Columbia,Arkansas,5027
Butts,Georgia,13035
Imperial,California,6025
Wise,Texas,48497
Denton,Texas,48121
Bamberg,South Carolina,45009
Heard,Georgia,13149
Hunt,Texas,48231
Collin,Texas,48085
Ashley,Arkansas,5003
Titus,Texas,48449
Haskell,Texas,48207
Throckmorton,Texas,48447
Young,Texas,48503
Kent,Texas,48263
Stonewall,Texas,48433
Franklin,Texas,48159
Otero,New Mexico,35035
Union,Arkansas,5139
Garza,Texas,48169
Lynn,Texas,48305
Terry,Texas,48445
Holmes,Mississippi,28051
Yoakum,Texas,48501
Hopkins,Texas,48223
Morris,Texas,48343
Spalding,Georgia,13255
Humphreys,Mississippi,28053
Dorchester,South Carolina,45035
Glascock,Georgia,13125
Jefferson,Georgia,13163
Cass,Texas,48067
Burke,Georgia,13033
Attala,Mississippi,28007
Noxubee,Mississippi,28103
Winston,Mississippi,28159
Bibb,Alabama,1007
Washington,Georgia,13303
Meriwether,Georgia,13199
Troup,Georgia,13285
Grant,New Mexico,35017
Lamar,Georgia,13171
Monroe,Georgia,13207
Pike,Georgia,13231
Baldwin,Georgia,13009
Jones,Georgia,13169
Colleton,South Carolina,45029
Greene,Alabama,1063
Allendale,South Carolina,45005
Chambers,Alabama,1017
Tallapoosa,Alabama,1123
Coosa,Alabama,1037
Sharkey,Mississippi,28125
Camp,Texas,48063
Chilton,Alabama,1021
Dona Ana,New Mexico,35013
Screven,Georgia,13251
Yazoo,Mississippi,28163
Hampton,South Carolina,45049
Caddo,Louisiana,22017
Charleston,South Carolina,45019
Bossier,Louisiana,22015
Issaquena,Mississippi,28055
Webster,Louisiana,22119
Claiborne,Louisiana,22027
Union,Louisiana,22111
Hale,Alabama,1065
Wood,Texas,48499
Morehouse,Louisiana,22067
West Carroll,Louisiana,22123
East Carroll,Louisiana,22035
Wilkinson,Georgia,13319
Palo Pinto,Texas,48363
Upson,Georgia,13293
Parker,Texas,48367
Tarrant,Texas,48439
Dallas,Texas,48113
Rockwall,Texas,48397
Sumter,Alabama,1119
Rains,Texas,48379
Eddy,New Mexico,35015
Shackelford,Texas,48417
Jones,Texas,48253
Fisher,Texas,48151
Scurry,Texas,48415
Borden,Texas,48033
Dawson,Texas,48115
Stephens,Texas,48429
Gaines,Texas,48165
Bibb,Georgia,13021
Jenkins,Georgia,13165
Neshoba,Mississippi,28099
Leake,Mississippi,28079
Kemper,Mississippi,28069
Upshur,Texas,48459
Twiggs,Georgia,13289
Madison,Mississippi,28089
Marion,Texas,48315
Talbot,Georgia,13263
Perry,Alabama,1105
Harris,Georgia,13145
Crawford,Georgia,13079
Kaufman,Texas,48257
Van Zandt,Texas,48467
Emanuel,Georgia,13107
Johnson,Georgia,13167
Harrison,Texas,48203
Hidalgo,New Mexico,35023
Elmore,Alabama,1051
Lincoln,Louisiana,22061
Jasper,South Carolina,45053
Lee,Alabama,1081
Taylor,Georgia,13269
Ouachita,Louisiana,22073
Laurens,Georgia,13175
Autauga,Alabama,1001
Dallas,Alabama,1047
Smith,Texas,48423
Peach,Georgia,13225
Houston,Georgia,13153
Richland,Louisiana,22083
Gregg,Texas,48183
Bulloch,Georgia,13031
Scott,Mississippi,28123
Warren,Mississippi,28149
Luna,New Mexico,35029
Muscogee,Georgia,13215
Macon,Alabama,1087
Rankin,Mississippi,28121
Effingham,Georgia,13103
Bienville,Louisiana,22013
Lauderdale,Mississippi,28075
Newton,Mississippi,28101
Bleckley,Georgia,13023
Hinds,Mississippi,28049
Madison,Louisiana,22065
Johnson,Texas,48251
Marion,Georgia,13197
Hood,Texas,48221
Ellis,Texas,48139
Candler,Georgia,13043
Marengo,Alabama,1091
Chattahoochee,Georgia,13053
Pima,Arizona,4019
Taylor,Texas,48441
Howard,Texas,48227
Mitchell,Texas,48335
Eastland,Texas,48133
Callahan,Texas,48059
Martin,Texas,48317
Andrews,Texas,48003
Nolan,Texas,48353
Erath,Texas,48143
Russell,Alabama,1113
Macon,Georgia,13193
Treutlen,Georgia,13283
Montgomery,Alabama,1101
Jackson,Louisiana,22049
Cochise,Arizona,4003
Dodge,Georgia,13091
Schley,Georgia,13249
Lowndes,Alabama,1085
Franklin,Louisiana,22041
Rusk,Texas,48401
Pulaski,Georgia,13235
Panola,Texas,48365
Henderson,Texas,48213
Montgomery,Georgia,13209
Toombs,Georgia,13279
De Soto,Louisiana,22031
Navarro,Texas,48349
Somervell,Texas,48425
Choctaw,Alabama,1023
Bullock,Alabama,1011
Tattnall,Georgia,13267
Wheeler,Georgia,13309
Dooly,Georgia,13093
Caldwell,Louisiana,22021
Hill,Texas,48217
Wilcox,Alabama,1131
Evans,Georgia,13109
Beaufort,South Carolina,45013
Comanche,Texas,48093
Tensas,Louisiana,22107
Red River,Louisiana,22081
Bryan,Georgia,13029
Jasper,Mississippi,28061
Clarke,Mississippi,28023
Smith,Mississippi,28129
Claiborne,Mississippi,28021
Stewart,Georgia,13259
Webster,Georgia,13307
Sumter,Georgia,13261
Bosque,Texas,48035
Barbour,Alabama,1005
Winn,Louisiana,22127
Natchitoches,Louisiana,22069
Cherokee,Texas,48073
Telfair,Georgia,13271
Wilcox,Georgia,13315
Sterling,Texas,48431
Liberty,Georgia,13179
Glasscock,Texas,48173
Midland,Texas,48329
Coke,Texas,48081
Winkler,Texas,48495
Ector,Texas,48135
Runnels,Texas,48399
Coleman,Texas,48083
Brown,Texas,48049
Anderson,Texas,48001
Pike,Alabama,1109
Simpson,Mississippi,28127
Crenshaw,Alabama,1041
Copiah,Mississippi,28029
Crisp,Georgia,13081
Hamilton,Texas,48193
Freestone,Texas,48161
Long,Georgia,13183
Culberson,Texas,48109
Reeves,Texas,48389
Loving,Texas,48301
Hudspeth,Texas,48229
El Paso,Texas,48141
Clarke,Alabama,1025
Quitman,Georgia,13239
Shelby,Texas,48419
Catahoula,Louisiana,22025
Butler,Alabama,1013
Jeff Davis,Georgia,13161
Appling,Georgia,13001
Terrell,Georgia,13273
La Salle,Louisiana,22059
Randolph,Georgia,13243
Lee,Georgia,13177
Wayne,Mississippi,28153
Jefferson,Mississippi,28063
McLennan,Texas,48309
Chatham,Georgia,13051
Worth,Georgia,13321
Nacogdoches,Texas,48347
Turner,Georgia,13287
Sabine,Louisiana,22085
Ben Hill,Georgia,13017
Monroe,Alabama,1099
Jones,Mississippi,28067
Wayne,Georgia,13305
Limestone,Texas,48293
Coffee,Georgia,13069
Grant,Louisiana,22043
Covington,Mississippi,28031
Henry,Alabama,1067
Clay,Georgia,13061
Jefferson Davis,Mississippi,28065
Irwin,Georgia,13155
Concordia,Louisiana,22029
Lawrence,Mississippi,28077
Adams,Mississippi,28001
Conecuh,Alabama,1035
Santa Cruz,Arizona,4023
Mills,Texas,48333
Lincoln,Mississippi,28085
Coryell,Texas,48099
Bacon,Georgia,13005
Tom Green,Texas,48451
Washington,Alabama,1129
McIntosh,Georgia,13191
Dougherty,Georgia,13095
Ward,Texas,48475
San Augustine,Texas,48405
Crane,Texas,48103
Upton,Texas,48461
Reagan,Texas,48383
Leon,Texas,48289
Calhoun,Georgia,13037
Coffee,Alabama,1031
Dale,Alabama,1045
Franklin,Mississippi,28037
Sabine,Texas,48403
Houston,Texas,48225
Tift,Georgia,13277
Concho,Texas,48095
Covington,Alabama,1039
Irion,Texas,48235
Pierce,Georgia,13229
Angelina,Texas,48005
Falls,Texas,48145
Early,Georgia,13099
Rapides,Louisiana,22079
McCulloch,Texas,48307
San Saba,Texas,48411
Berrien,Georgia,13019
Ware,Georgia,13299
Lampasas,Texas,48281
Glynn,Georgia,13127
Baker,Georgia,13007
Mitchell,Georgia,13205
Marion,Mississippi,28091
Lamar,Mississippi,28073
Forrest,Mississippi,28035
Perry,Mississippi,28111
Greene,Mississippi,28041
Atkinson,Georgia,13003
Trinity,Texas,48455
Pecos,Texas,48371
Wilkinson,Mississippi,28157
Vernon,Louisiana,22115
Brantley,Georgia,13025
Robertson,Texas,48395
Amite,Mississippi,28005
Pike,Mississippi,28113
Walthall,Mississippi,28147
Cook,Georgia,13075
Avoyelles,Louisiana,22009
Colquitt,Georgia,13071
Houston,Alabama,1069
Bell,Texas,48027
Baldwin,Alabama,1003
Escambia,Alabama,1053
Miller,Georgia,13201
Geneva,Alabama,1061
Lanier,Georgia,13173
Newton,Texas,48351
Clinch,Georgia,13065
Mobile,Alabama,1097
Camden,Georgia,13039
Jasper,Texas,48241
Polk,Texas,48373
Milam,Texas,48331
Jeff Davis,Texas,48243
Madison,Texas,48313
Schleicher,Texas,48413
Menard,Texas,48327
Crockett,Texas,48105
Decatur,Georgia,13087
Seminole,Georgia,13253
Grady,Georgia,13131
Thomas,Georgia,13275
Brooks,Georgia,13027
Charlton,Georgia,13049
Tyler,Texas,48457
Walker,Texas,48471
Burnet,Texas,48053
Lowndes,Georgia,13185
Pointe Coupee,Louisiana,22077
Pearl River,Mississippi,28109
Washington,Louisiana,22117
Tangipahoa,Louisiana,22105
St. Helena,Louisiana,22091
East Feliciana,Louisiana,22037
George,Mississippi,28039
West Feliciana,Louisiana,22125
Jackson,Florida,12063
Holmes,Florida,12059
Evangeline,Louisiana,22039
Walton,Florida,12131
Brazos,Texas,48041
Mason,Texas,48319
Llano,Texas,48299
Stone,Mississippi,28131
Williamson,Texas,48491
San Jacinto,Texas,48407
Allen,Louisiana,22003
Beauregard,Louisiana,22011
Grimes,Texas,48185
Echols,Georgia,13101
St. Landry,Louisiana,22097
Washington,Florida,12133
Nassau,Florida,12089
Jackson,Mississippi,28059
Burleson,Texas,48051
East Baton Rouge,Louisiana,22033
Kimble,Texas,48267
Gadsden,Florida,12039
St. Tammany,Louisiana,22103
Sutton,Texas,48435
Leon,Florida,12073
Harrison,Mississippi,28047
Jefferson,Florida,12065
Brewster,Texas,48043
Terrell,Texas,48443
West Baton Rouge,Louisiana,22121
Livingston,Louisiana,22063
Hancock,Mississippi,28045
Madison,Florida,12079
Presidio,Texas,48377
Travis,Texas,48453
Montgomery,Texas,48339
Hamilton,Florida,12047
Calhoun,Florida,12013
Liberty,Florida,12077
Columbia,Florida,12023
Baker,Florida,12003
Duval,Florida,12031
Bay,Florida,12005
Lee,Texas,48287
Hardin,Texas,48199
Gillespie,Texas,48171
Blanco,Texas,48031
St. Martin,Louisiana,22099
Iberville,Louisiana,22047
Calcasieu,Louisiana,22019
Jefferson Davis,Louisiana,22053
Liberty,Texas,48291
Acadia,Louisiana,22001
Suwannee,Florida,12121
Bastrop,Texas,48021
Okaloosa,Florida,12091
Santa Rosa,Florida,12113
Washington,Texas,48477
Escambia,Florida,12033
Lafayette,Louisiana,22055
Ascension,Louisiana,22005
Hays,Texas,48209
Taylor,Florida,12123
St. John the Baptist,Louisiana,22095
Wakulla,Florida,12129
Edwards,Texas,48137
Val Verde,Texas,48465
Kerr,Texas,48265
Lafayette,Florida,12067
Waller,Texas,48473
St. Johns,Florida,12109
Orange,Texas,48361
Gulf,Florida,12045
Clay,Florida,12019
Jefferson,Texas,48245
Fayette,Texas,48149
Harris,Texas,48201
St. James,Louisiana,22093
Orleans,Louisiana,22071
Vermilion,Louisiana,22113
Union,Florida,12125
Bradford,Florida,12007
Kendall,Texas,48259
Austin,Texas,48015
St. Charles,Louisiana,22089
Real,Texas,48385
Assumption,Louisiana,22007
Caldwell,Texas,48055
Cameron,Louisiana,22023
St. Bernard,Louisiana,22087
Comal,Texas,48091
Franklin,Florida,12037
Colorado,Texas,48089
St. Mary,Louisiana,22101
Alachua,Florida,12001
Gilchrist,Florida,12041
Lafourche,Louisiana,22057
Bandera,Texas,48019
Plaquemines,Louisiana,22075
Chambers,Texas,48071
Guadalupe,Texas,48187
Putnam,Florida,12107
Dixie,Florida,12029
Fort Bend,Texas,48157
Gonzales,Texas,48177
Bexar,Texas,48029
Medina,Texas,48325
Flagler,Florida,12035
Iberia,Louisiana,22045
Lavaca,Texas,48285
Wharton,Texas,48481
Uvalde,Texas,48463
Kinney,Texas,48271
Brazoria,Texas,48039
Levy,Florida,12075
Galveston,Texas,48167
Marion,Florida,12083
Wilson,Texas,48493
Volusia,Florida,12127
DeWitt,Texas,48123
Terrebonne,Louisiana,22109
Lake,Florida,12069
Jackson,Texas,48239
Atascosa,Texas,48013
Matagorda,Texas,48321
Karnes,Texas,48255
Jefferson,Louisiana,22051
Victoria,Texas,48469
Zavala,Texas,48507
Frio,Texas,48163
Maverick,Texas,48323
Citrus,Florida,12017
Sumter,Florida,12119
Goliad,Texas,48175
Seminole,Florida,12117
Live Oak,Texas,48297
Orange,Florida,12095
Bee,Texas,48025
Hernando,Florida,12053
La Salle,Texas,48283
McMullen,Texas,48311
Dimmit,Texas,48127
Brevard,Florida,12009
Refugio,Texas,48391
Pasco,Florida,12101
Polk,Florida,12105
Osceola,Florida,12097
Calhoun,Texas,48057
Webb,Texas,48479
Pinellas,Florida,12103
Hillsborough,Florida,12057
San Patricio,Texas,48409
Aransas,Texas,48007
Duval,Texas,48131
Jim Wells,Texas,48249
Indian River,Florida,12061
Nueces,Texas,48355
Hardee,Florida,12049
Highlands,Florida,12055
Manatee,Florida,12081
Okeechobee,Florida,12093
Kleberg,Texas,48273
St. Lucie,Florida,12111
Sarasota,Florida,12115
Jim Hogg,Texas,48247
DeSoto,Florida,12027
Zapata,Texas,48505
Brooks,Texas,48047
Martin,Florida,12085
Glades,Florida,12043
Kenedy,Texas,48261
Charlotte,Florida,12015
Palm Beach,Florida,12099
Hendry,Florida,12051
Starr,Texas,48427
Hidalgo,Texas,48215
Lee,Florida,12071
Willacy,Texas,48489
Collier,Florida,12021
Cameron,Texas,48061
Broward,Florida,12011
Miami-Dade,Florida,12086
Monroe,Florida,12087
Cook,Minnesota,27031
Keweenaw,Michigan,26083
Houghton,Michigan,26061
Ontonagon,Michigan,26131
Baraga,Michigan,26013
Marquette,Michigan,26103
Gogebic,Michigan,26053
Luce,Michigan,26095
Alger,Michigan,26003
Schoolcraft,Michigan,26153
Iron,Michigan,26071
Vilas,Wisconsin,55125
Dickinson,Michigan,26043
Mackinac,Michigan,26097
Delta,Michigan,26041
Chippewa,Michigan,26033
Forest,Wisconsin,55041
Florence,Wisconsin,55037
Menominee,Michigan,26109
Oneida,Wisconsin,55085
Marinette,Wisconsin,55075
Emmet,Michigan,26047
Cheboygan,Michigan,26031
Presque Isle,Michigan,26141
Lincoln,Wisconsin,55069
Langlade,Wisconsin,55067
Oconto,Wisconsin,55083
Charlevoix,Michigan,26029
Door,Wisconsin,55029
Alpena,Michigan,26007
Antrim,Michigan,26009
Otsego,Michigan,26137
Montmorency,Michigan,26119
Leelanau,Michigan,26089
Marathon,Wisconsin,55073
Menominee,Wisconsin,55078
Shawano,Wisconsin,55115
St. Lawrence,New York,36089
Kalkaska,Michigan,26079
Crawford,Michigan,26039
Alcona,Michigan,26001
Grand Traverse,Michigan,26055
Oscoda,Michigan,26135
Benzie,Michigan,26019
Kewaunee,Wisconsin,55061
Portage,Wisconsin,55097
Waupaca,Wisconsin,55135
Brown,Wisconsin,55009
Outagamie,Wisconsin,55087
Manistee,Michigan,26101
Iosco,Michigan,26069
Wexford,Michigan,26165
Missaukee,Michigan,26113
Roscommon,Michigan,26143
Ogemaw,Michigan,26129
Jefferson,New York,36045
Manitowoc,Wisconsin,55071
Adams,Wisconsin,55001
Waushara,Wisconsin,55137
Winnebago,Wisconsin,55139
Calumet,Wisconsin,55015
Lewis,New York,36049
Mason,Michigan,26105
Lake,Michigan,26085
Osceola,Michigan,26133
Arenac,Michigan,26011
Clare,Michigan,26035
Gladwin,Michigan,26051
Huron,Michigan,26063
Bay,Michigan,26017
Marquette,Wisconsin,55077
Green Lake,Wisconsin,55047
Fond du Lac,Wisconsin,55039
Sheboygan,Wisconsin,55117
Midland,Michigan,26111
Oceana,Michigan,26127
Isabella,Michigan,26073
Newaygo,Michigan,26123
Mecosta,Michigan,26107
Tuscola,Michigan,26157
Oswego,New York,36075
Sanilac,Michigan,26151
Columbia,Wisconsin,55021
Sauk,Wisconsin,55111
Dodge,Wisconsin,55027
Oneida,New York,36065
Saginaw,Michigan,26145
Washington,Wisconsin,55131
Ozaukee,Wisconsin,55089
Muskegon,Michigan,26121
Montcalm,Michigan,26117
Gratiot,Michigan,26057
Cayuga,New York,36011
Niagara,New York,36063
Orleans,New York,36073
Monroe,New York,36055
Wayne,New York,36117
Lapeer,Michigan,26087
Kent,Michigan,26081
Dane,Wisconsin,55025
Onondaga,New York,36067
Genesee,Michigan,26049
Ottawa,Michigan,26139
Jefferson,Wisconsin,55055
Waukesha,Wisconsin,55133
Milwaukee,Wisconsin,55079
Madison,New York,36053
St. Clair,Michigan,26147
Shiawassee,Michigan,26155
Genesee,New York,36037
Ionia,Michigan,26067
Clinton,Michigan,26037
Erie,New York,36029
Ontario,New York,36069
Seneca,New York,36099
Livingston,New York,36051
Macomb,Michigan,26099
Oakland,Michigan,26125
Wyoming,New York,36121
Green,Wisconsin,55045
Rock,Wisconsin,55105
Walworth,Wisconsin,55127
Racine,Wisconsin,55101
Cortland,New York,36023
Livingston,Michigan,26093
Ingham,Michigan,26065
Allegan,Michigan,26005
Eaton,Michigan,26045
Barry,Michigan,26015
Yates,New York,36123
Chenango,New York,36017
Kenosha,Wisconsin,55059
Tompkins,New York,36109
Steuben,New York,36101
Chautauqua,New York,36013
Schuyler,New York,36097
Cattaraugus,New York,36009
Allegany,New York,36003
Stephenson,Illinois,17177
Winnebago,Illinois,17201
McHenry,Illinois,17111
Boone,Illinois,17007
Lake,Illinois,17097
Wayne,Michigan,26163
Washtenaw,Michigan,26161
Jackson,Michigan,26075
Kalamazoo,Michigan,26077
Calhoun,Michigan,26025
Van Buren,Michigan,26159
Broome,New York,36007
Tioga,New York,36107
Chemung,New York,36015
Erie,Pennsylvania,42049
Berrien,Michigan,26021
Ogle,Illinois,17141
Carroll,Illinois,17015
Cook,Illinois,17031
Kane,Illinois,17089
DeKalb,Illinois,17037
Monroe,Michigan,26115
Lenawee,Michigan,26091
Hillsdale,Michigan,26059
Branch,Michigan,26023
St. Joseph,Michigan,26149
Cass,Michigan,26027
Bradford,Pennsylvania,42015
Tioga,Pennsylvania,42117
Warren,Pennsylvania,42123
Susquehanna,Pennsylvania,42115
McKean,Pennsylvania,42083
Potter,Pennsylvania,42105
DuPage,Illinois,17043
Ashtabula,Ohio,39007
Whiteside,Illinois,17195
Lee,Illinois,17103
Crawford,Pennsylvania,42039
Lake,Ohio,39085
LaPorte,Indiana,18091
St. Joseph,Indiana,18141
Elkhart,Indiana,18039
LaGrange,Indiana,18087
Steuben,Indiana,18151
North Slope,Alaska,2185
Northwest Arctic,Alaska,2188
Fairbanks North Star,Alaska,2090
Bristol Bay,Alaska,2060
Nome,Alaska,2180
Matanuska-Susitna,Alaska,2170
Wade Hampton,Alaska,2270
Bethel,Alaska,2050
Anchorage,Alaska,2020
Kenai Peninsula,Alaska,2122
Dillingham,Alaska,2070
Lake and Peninsula,Alaska,2164
Haines,Alaska,2100
Juneau,Alaska,2110
Kodiak Island,Alaska,2150
Sitka,Alaska,2220
Wrangell-Petersburg,Alaska,2280
Ketchikan Gateway,Alaska,2130
Prince of Wales-Outer Ketchikan,Alaska,2201
Aleutians East,Alaska,2013
Aleutians West,Alaska,2016
Kalawao,Hawaii,15005
Kauai,Hawaii,15007
Honolulu,Hawaii,15003
Maui,Hawaii,15009
Hawaii,Hawaii,15001
Pittsylvania,Virginia,51143
Danville,Virginia,51590
Valdez-Cordova,Alaska,2261
Yakutat,Alaska,2282
Skagway-Hoonah-Angoon,Alaska,2232
Yukon-Koyukuk,Alaska,2290
Southeast Fairbanks,Alaska,2240
Denali,Alaska,2068
Broomfield,Colorado,8014
